{
  "skillbox": {
    "startup": {
      "mean": 124.33907899539918,
      "min": 121.2185409385711,
      "max": 126.13908294588327
    },
    "simple_print": {
      "mean": 124.8960793716833,
      "min": 123.66233393549919,
      "max": 125.70041697472334
    },
    "loop_1000": {
      "mean": 125.01042902003974,
      "min": 123.80083301104605,
      "max": 125.84020802751184
    },
    "loop_100000": {
      "mean": 124.16845825500786,
      "min": 123.6034999601543,
      "max": 124.83554100617766
    },
    "string_ops": {
      "mean": 124.81610833201557,
      "min": 123.69845807552338,
      "max": 125.97170798107982
    },
    "list_comprehension": {
      "mean": 124.62087511084974,
      "min": 123.79379104822874,
      "max": 125.43404195457697
    },
    "fibonacci": {
      "mean": 124.38644575886428,
      "min": 123.30691586248577,
      "max": 125.3037080168724
    },
    "concurrent_5": {
      "mean": 123.78238732926548,
      "max": 127.96691711992025,
      "total_runs": 10
    }
  },
  "docker": {
    "startup": {
      "mean": 169.99799604527652,
      "min": 152.4235000833869,
      "max": 179.99116703867912
    },
    "simple_print": {
      "mean": 203.41451230924577,
      "min": 187.3559160158038,
      "max": 207.82108302228153
    },
    "loop_1000": {
      "mean": 211.28127933479846,
      "min": 200.58012497611344,
      "max": 223.66825002245605
    },
    "loop_100000": {
      "mean": 206.02579989936203,
      "min": 198.7380408681929,
      "max": 214.18329211883247
    },
    "string_ops": {
      "mean": 204.56821671687067,
      "min": 190.6653749756515,
      "max": 223.51012495346367
    },
    "list_comprehension": {
      "mean": 209.54705402255058,
      "min": 194.52587491832674,
      "max": 225.134750129655
    },
    "fibonacci": {
      "mean": 210.47041253186762,
      "min": 202.47145788744092,
      "max": 218.7786668073386
    },
    "concurrent_5": {
      "mean": 334.86885412130505,
      "max": 407.2478748857975,
      "total_runs": 10
    }
  },
  "native_python": {
    "startup": {
      "mean": 11.658608354628086,
      "min": 11.415792163461447,
      "max": 12.195332907140255
    },
    "simple_print": {
      "mean": 12.333154026418924,
      "min": 12.153165880590677,
      "max": 12.697207974269986
    },
    "loop_1000": {
      "mean": 12.3927999753505,
      "min": 12.200874974951148,
      "max": 12.724624946713448
    },
    "loop_100000": {
      "mean": 12.895162706263363,
      "min": 12.70916685461998,
      "max": 13.208250049501657
    },
    "string_ops": {
      "mean": 12.31040838174522,
      "min": 12.122875079512596,
      "max": 12.581999879330397
    },
    "list_comprehension": {
      "mean": 12.32464169152081,
      "min": 12.134541990235448,
      "max": 12.661665910854936
    },
    "fibonacci": {
      "mean": 12.773541733622551,
      "min": 12.56279181689024,
      "max": 13.00004217773676
    }
  }
}