{
  "skillbox": {
    "startup": {
      "mean": 40.13976230053231,
      "min": 33.33600002224557,
      "max": 61.46212498424575
    },
    "simple_print": {
      "mean": 33.454533404437825,
      "min": 32.8392920200713,
      "max": 34.21120799612254
    },
    "loop_1000": {
      "mean": 33.54161259485409,
      "min": 32.66262498800643,
      "max": 33.86787499766797
    },
    "loop_100000": {
      "mean": 34.19509569648653,
      "min": 33.6779170029331,
      "max": 34.49629098759033
    },
    "string_ops": {
      "mean": 33.563579100882635,
      "min": 33.246500010136515,
      "max": 34.310625022044405
    },
    "list_comprehension": {
      "mean": 33.82729989243671,
      "min": 32.93362498516217,
      "max": 34.55462498823181
    },
    "fibonacci": {
      "mean": 34.06508330081124,
      "min": 32.84983299090527,
      "max": 34.82595898094587
    },
    "concurrent_5": {
      "mean": 60.63432089285925,
      "max": 85.51645799889229,
      "total_runs": 10
    }
  },
  "docker": {
    "startup": {
      "mean": 194.23002068942878,
      "min": 184.63862498174421,
      "max": 210.085499973502
    },
    "simple_print": {
      "mean": 226.55744179792237,
      "min": 213.66887498879805,
      "max": 236.3498329941649
    },
    "loop_1000": {
      "mean": 228.25452490360476,
      "min": 213.4592079964932,
      "max": 247.67691700253636
    },
    "loop_100000": {
      "mean": 237.07323739654385,
      "min": 223.4730829950422,
      "max": 249.15704198065214
    },
    "string_ops": {
      "mean": 235.75344580749515,
      "min": 227.4515420140233,
      "max": 255.749250005465
    },
    "list_comprehension": {
      "mean": 233.85048350319266,
      "min": 226.2358749867417,
      "max": 249.97095900471322
    },
    "fibonacci": {
      "mean": 236.00025410123635,
      "min": 226.22433298965916,
      "max": 244.07691598753445
    },
    "concurrent_5": {
      "mean": 417.40269599831663,
      "max": 501.1585419997573,
      "total_runs": 10
    }
  },
  "native_python": {
    "startup": {
      "mean": 17.438958401908167,
      "min": 15.793208993272856,
      "max": 19.650790985906497
    },
    "simple_print": {
      "mean": 17.051458300556988,
      "min": 16.188999987207353,
      "max": 18.237958021927625
    },
    "loop_1000": {
      "mean": 18.222495797090232,
      "min": 16.76033399417065,
      "max": 20.397333020810038
    },
    "loop_100000": {
      "mean": 17.84156679350417,
      "min": 17.08295798744075,
      "max": 18.353833991568536
    },
    "string_ops": {
      "mean": 17.354962494573556,
      "min": 16.202792001422495,
      "max": 19.712415989488363
    },
    "list_comprehension": {
      "mean": 17.100787500385195,
      "min": 16.703708010027185,
      "max": 17.62716699158773
    },
    "fibonacci": {
      "mean": 18.011445907177404,
      "min": 17.126500024460256,
      "max": 21.23670800938271
    }
  }
}