{
  "skillbox": {
    "startup": {
      "mean": 123.84347070474178,
      "min": 120.33358286134899,
      "max": 125.66508306190372
    },
    "simple_print": {
      "mean": 123.41227531433105,
      "min": 121.96629215031862,
      "max": 123.97454213351011
    },
    "loop_1000": {
      "mean": 124.78913320228457,
      "min": 123.95004089921713,
      "max": 125.64987502992153
    },
    "fibonacci": {
      "mean": 124.60905858315527,
      "min": 123.79470909945667,
      "max": 125.51562488079071
    }
  },
  "pyodide": {
    "startup": {
      "mean": 728.4762776301553,
      "min": 704.6392499469221,
      "max": 759.865750093013
    },
    "simple_print": {
      "mean": 710.38897219114,
      "min": 708.1016248557717,
      "max": 712.9068749491125
    },
    "loop_1000": {
      "mean": 713.6190001231929,
      "min": 710.785125149414,
      "max": 715.0463750585914
    },
    "fibonacci": {
      "mean": 717.5350830269357,
      "min": 716.1964580882341,
      "max": 719.1308750770986
    }
  }
}