{
  "skillbox": {
    "startup": {
      "mean": 37.405362603021786,
      "min": 32.39670902257785,
      "max": 49.76604200783186
    },
    "simple_print": {
      "mean": 32.602133601903915,
      "min": 31.88183400197886,
      "max": 33.31312499358319
    },
    "loop_1000": {
      "mean": 32.622566795907915,
      "min": 32.12345897918567,
      "max": 33.07420900091529
    },
    "fibonacci": {
      "mean": 32.90520018781535,
      "min": 32.41537499707192,
      "max": 33.53783398051746
    }
  },
  "pyodide": {
    "startup": {
      "mean": 672.1606940069856,
      "min": 661.3487910071854,
      "max": 691.3619580154773
    },
    "simple_print": {
      "mean": 668.0844999888601,
      "min": 663.2919999829028,
      "max": 675.7479999796487
    },
    "loop_1000": {
      "mean": 667.5193890017302,
      "min": 666.414250008529,
      "max": 669.2475420131814
    },
    "fibonacci": {
      "mean": 673.5926250015231,
      "min": 667.0959170151036,
      "max": 681.0843749844935
    }
  }
}