{
  "skillbox": {
    "startup": {
      "mean": 123.95832089241594,
      "min": 121.56550004146993,
      "max": 125.34337514080107
    },
    "simple_print": {
      "mean": 123.61901248805225,
      "min": 121.21758284047246,
      "max": 125.10062498040497
    },
    "loop_1000": {
      "mean": 123.96271268371493,
      "min": 122.19924991950393,
      "max": 125.3891671076417
    },
    "loop_100000": {
      "mean": 116.77182915154845,
      "min": 115.96770794130862,
      "max": 117.85600008442998
    },
    "string_ops": {
      "mean": 118.27472478616983,
      "min": 113.49295801483095,
      "max": 133.90199979767203
    },
    "list_comprehension": {
      "mean": 116.29907067399472,
      "min": 115.92066683806479,
      "max": 116.73329095356166
    },
    "fibonacci": {
      "mean": 116.3130542030558,
      "min": 116.01308407261968,
      "max": 116.85824999585748
    },
    "concurrent_5": {
      "mean": 117.22197500057518,
      "max": 121.83229182846844,
      "total_runs": 10
    }
  },
  "docker": {
    "startup": {
      "mean": 188.18725834134966,
      "min": 172.27349989116192,
      "max": 205.74237499386072
    },
    "simple_print": {
      "mean": 222.80859968159348,
      "min": 200.2220000140369,
      "max": 246.8060830142349
    },
    "loop_1000": {
      "mean": 236.00719161331654,
      "min": 203.82937509566545,
      "max": 283.45983289182186
    },
    "loop_100000": {
      "mean": 232.43447514250875,
      "min": 214.96845805086195,
      "max": 250.4884172230959
    },
    "string_ops": {
      "mean": 226.91135418135673,
      "min": 211.64404088631272,
      "max": 252.6122499257326
    },
    "list_comprehension": {
      "mean": 237.64510839246213,
      "min": 216.64895815774798,
      "max": 261.04491599835455
    },
    "fibonacci": {
      "mean": 231.85985828749835,
      "min": 204.0097911376506,
      "max": 263.1096658296883
    },
    "concurrent_5": {
      "mean": 358.6458166129887,
      "max": 450.9866249281913,
      "total_runs": 10
    }
  },
  "native_python": {
    "startup": {
      "mean": 13.128524832427502,
      "min": 12.90108379907906,
      "max": 13.358207885175943
    },
    "simple_print": {
      "mean": 14.459804096259177,
      "min": 13.830916956067085,
      "max": 15.467291930690408
    },
    "loop_1000": {
      "mean": 14.067233423702419,
      "min": 13.89812515117228,
      "max": 14.232292072847486
    },
    "loop_100000": {
      "mean": 15.111887431703508,
      "min": 14.333375031128526,
      "max": 21.147415973246098
    },
    "string_ops": {
      "mean": 14.122407976537943,
      "min": 13.851790921762586,
      "max": 15.031333081424236
    },
    "list_comprehension": {
      "mean": 14.275987748987973,
      "min": 13.791667064651847,
      "max": 14.925875002518296
    },
    "fibonacci": {
      "mean": 14.545091497711837,
      "min": 14.459541998803616,
      "max": 14.677958097308874
    }
  }
}